{"cameraMode":{"drawMode":0,"name":"Shaded","section":"Shading Mode"},"sceneLighting":true,"audioPlay":false,"sceneViewState":{"m_AlwaysRefresh":false,"showFog":true,"showSkybox":true,"showFlares":true,"showImageEffects":true,"showParticleSystems":true,"showVisualEffectGraphs":true,"m_FxEnabled":true},"in2DMode":false,"pivot":{"x":-0.12162497639656067,"y":4.0465545654296879,"z":-0.02779364585876465},"rotation":{"x":0.1050809919834137,"y":-0.025361234322190286,"z":0.0026802057400345804,"w":0.9941394925117493},"size":6.51993465423584,"orthographic":false}