{"cameraMode":{"drawMode":0,"name":"Shaded","section":"Shading Mode"},"sceneLighting":true,"audioPlay":false,"sceneViewState":{"m_AlwaysRefresh":false,"showFog":true,"showSkybox":true,"showFlares":true,"showImageEffects":true,"showParticleSystems":true,"showVisualEffectGraphs":true,"m_FxEnabled":true},"in2DMode":false,"pivot":{"x":-2.1126198768615724,"y":6.392446041107178,"z":-10.339466094970704},"rotation":{"x":0.2027372121810913,"y":-0.038184162229299548,"z":0.007911467924714089,"w":0.9784588813781738},"size":4.015500068664551,"orthographic":false}